[{"name":"extension hotel template","template_content":{"content":{"bd70f536-f3a0-4b95-917f-d84f5286759f":{"id":"bd70f536-f3a0-4b95-917f-d84f5286759f","parent":"33625c11-18a7-44bd-8157-495d4e223dfe","children":[],"klass":"text","value":"This is a rule."},"081578d5-5115-4875-8a1e-145e2e552a8e":{"id":"081578d5-5115-4875-8a1e-145e2e552a8e","parent":"1b2c3da1-cb43-4c79-b276-916216327dfa","children":[],"klass":"text","value":"Typing some text to see it refresh. "},"f2995379-026b-4d62-bf0b-0e3648024c49":{"id":"f2995379-026b-4d62-bf0b-0e3648024c49","parent":"1b2c3da1-cb43-4c79-b276-916216327dfa","children":[],"klass":"divider"},"35df8c48-8b30-47ed-aa57-0bd4597a08ce":{"id":"35df8c48-8b30-47ed-aa57-0bd4597a08ce","parent":"02c6fcce-e00b-4dac-bd29-780bfcfa2eda","children":[],"klass":"text","value":"metropolis"},"1b2c3da1-cb43-4c79-b276-916216327dfa":{"klass":"narrative","id":"1b2c3da1-cb43-4c79-b276-916216327dfa","parent":null,"children":["081578d5-5115-4875-8a1e-145e2e552a8e","f2995379-026b-4d62-bf0b-0e3648024c49","a6796300-4fb6-444c-b420-98e6acb63a8b","46f1853e-9684-484b-a883-4c0ccd746d4b","0df8833f-4950-4c44-bf9b-8dda5ca6315e","1d3f3345-d384-459a-8325-40c714ab6700","4ab48b34-f89c-4472-8f18-4fdd54f280cb","2aedbc9e-c1cf-47ee-bf19-804c64b99fc4","92deb49f-ebd4-41f9-8068-1150023f5dca","be289561-44a5-4b02-954f-8e5e7583e35a"]},"4ab48b34-f89c-4472-8f18-4fdd54f280cb":{"id":"4ab48b34-f89c-4472-8f18-4fdd54f280cb","parent":"1b2c3da1-cb43-4c79-b276-916216327dfa","children":["9e7ef0e0-3663-4390-b1b1-e07b2a9a6ef4","02c6fcce-e00b-4dac-bd29-780bfcfa2eda","454b1009-7d58-40b8-9587-5d4aeaf031c6","5ce25909-cb45-4617-aeb4-0588e59536e5","cd2df0cd-1e9e-4855-83e0-9011e2dde8ea"],"klass":"synonym"},"33625c11-18a7-44bd-8157-495d4e223dfe":{"id":"33625c11-18a7-44bd-8157-495d4e223dfe","parent":"be289561-44a5-4b02-954f-8e5e7583e35a","children":["bd70f536-f3a0-4b95-917f-d84f5286759f"],"klass":"condition","code":"localities = localities"},"a6796300-4fb6-444c-b420-98e6acb63a8b":{"id":"a6796300-4fb6-444c-b420-98e6acb63a8b","parent":"1b2c3da1-cb43-4c79-b276-916216327dfa","children":[],"klass":"text","value":"* "},"cd2df0cd-1e9e-4855-83e0-9011e2dde8ea":{"id":"cd2df0cd-1e9e-4855-83e0-9011e2dde8ea","parent":"4ab48b34-f89c-4472-8f18-4fdd54f280cb","children":["f70364e9-a85e-4dc1-828b-ab7fad41757f"],"klass":"synonym_variation"},"0df8833f-4950-4c44-bf9b-8dda5ca6315e":{"id":"0df8833f-4950-4c44-bf9b-8dda5ca6315e","parent":"1b2c3da1-cb43-4c79-b276-916216327dfa","children":[],"klass":"divider"},"454b1009-7d58-40b8-9587-5d4aeaf031c6":{"id":"454b1009-7d58-40b8-9587-5d4aeaf031c6","parent":"4ab48b34-f89c-4472-8f18-4fdd54f280cb","children":["293774e7-2e5e-4e03-a797-ccd5cad1d44d"],"klass":"synonym_variation"},"9e7ef0e0-3663-4390-b1b1-e07b2a9a6ef4":{"id":"9e7ef0e0-3663-4390-b1b1-e07b2a9a6ef4","parent":"4ab48b34-f89c-4472-8f18-4fdd54f280cb","children":["3a2a7113-3373-454d-bfae-ffceed9228a4"],"klass":"synonym_variation"},"293774e7-2e5e-4e03-a797-ccd5cad1d44d":{"id":"293774e7-2e5e-4e03-a797-ccd5cad1d44d","parent":"454b1009-7d58-40b8-9587-5d4aeaf031c6","children":[],"klass":"text","value":"village"},"f70364e9-a85e-4dc1-828b-ab7fad41757f":{"id":"f70364e9-a85e-4dc1-828b-ab7fad41757f","parent":"cd2df0cd-1e9e-4855-83e0-9011e2dde8ea","children":[],"klass":"text","value":"town"},"3a2a7113-3373-454d-bfae-ffceed9228a4":{"id":"3a2a7113-3373-454d-bfae-ffceed9228a4","parent":"9e7ef0e0-3663-4390-b1b1-e07b2a9a6ef4","children":[],"klass":"text","value":"city"},"29f887ec-b5aa-4242-a435-0feaa51daab9":{"id":"29f887ec-b5aa-4242-a435-0feaa51daab9","parent":"5ce25909-cb45-4617-aeb4-0588e59536e5","children":[],"klass":"text","value":"municipality"},"2aedbc9e-c1cf-47ee-bf19-804c64b99fc4":{"id":"2aedbc9e-c1cf-47ee-bf19-804c64b99fc4","parent":"1b2c3da1-cb43-4c79-b276-916216327dfa","children":[],"klass":"divider"},"02c6fcce-e00b-4dac-bd29-780bfcfa2eda":{"id":"02c6fcce-e00b-4dac-bd29-780bfcfa2eda","parent":"4ab48b34-f89c-4472-8f18-4fdd54f280cb","children":["35df8c48-8b30-47ed-aa57-0bd4597a08ce"],"klass":"synonym_variation"},"1d3f3345-d384-459a-8325-40c714ab6700":{"id":"1d3f3345-d384-459a-8325-40c714ab6700","parent":"1b2c3da1-cb43-4c79-b276-916216327dfa","children":[],"klass":"text","value":"* "},"5ce25909-cb45-4617-aeb4-0588e59536e5":{"id":"5ce25909-cb45-4617-aeb4-0588e59536e5","parent":"4ab48b34-f89c-4472-8f18-4fdd54f280cb","children":["29f887ec-b5aa-4242-a435-0feaa51daab9"],"klass":"synonym_variation"},"be289561-44a5-4b02-954f-8e5e7583e35a":{"id":"be289561-44a5-4b02-954f-8e5e7583e35a","parent":"1b2c3da1-cb43-4c79-b276-916216327dfa","children":["33625c11-18a7-44bd-8157-495d4e223dfe"],"klass":"branch","logic":{"match":"first","count":1,"default":"standard"}},"92deb49f-ebd4-41f9-8068-1150023f5dca":{"id":"92deb49f-ebd4-41f9-8068-1150023f5dca","parent":"1b2c3da1-cb43-4c79-b276-916216327dfa","children":[],"klass":"text","value":"* "},"46f1853e-9684-484b-a883-4c0ccd746d4b":{"id":"46f1853e-9684-484b-a883-4c0ccd746d4b","parent":"1b2c3da1-cb43-4c79-b276-916216327dfa","children":[],"klass":"datavar","name":"localities","formatting":{"timeFormat":"H:mm","largeNumber":false,"dateFormat":"MMMM D, YYYY","apFormat":false,"numDecimals":0,"stringFormat":"upper","numDecimalsThousands":0,"toWords":false,"numDecimalsMillions":1,"thousandsSeparator":",","ordinal":false,"listOxfordComma":true,"numDecimalsHuge":3,"decimalSeparator":".","listConjunction":"and","absoluteValue":false,"percentage":false,"numDecimalsBillions":2,"listSubsetType":"first","listSubsetLimit":1,"listSort":"","commas":true,"formatConjunction":true}}},"narrative_id":"1b2c3da1-cb43-4c79-b276-916216327dfa","shared_template_narrative_ids":[]}},{"name":"Extension Hotels Template 2","template_content":{"content":{"804bf80f-8359-459f-bae9-c368b8e041ed":{"klass":"narrative","id":"804bf80f-8359-459f-bae9-c368b8e041ed","parent":null,"children":["64930c46-afc2-4325-8f00-3031297efe05"]},"64930c46-afc2-4325-8f00-3031297efe05":{"klass":"text","id":"64930c46-afc2-4325-8f00-3031297efe05","parent":"804bf80f-8359-459f-bae9-c368b8e041ed","children":[],"value":""}},"narrative_id":"804bf80f-8359-459f-bae9-c368b8e041ed","shared_template_narrative_ids":[]}}]
